Fecha,Región,Precio Pago Industrial,Valor Compensación,Precio Mínimo Garantía
01/01/2007,Costa Llanos,3091160,1158840,4250000
01/02/2007,Costa Llanos,3022461,1227539,4250000
01/03/2007,Costa Llanos,2943164,1306836,4250000
01/04/2007,Costa Llanos,2913805,1336195,4250000
01/05/2007,Costa Llanos,2765969,1484031,4250000
01/01/2008,Costa Llanos,3248405,1051595,4300000
01/02/2008,Costa Llanos,3320760,979240,4300000
01/03/2008,Costa Llanos,3362933,937067,4300000
01/04/2008,Costa Llanos,3206540,1093460,4300000
01/05/2008,Costa Llanos,3076375,1223625,4300000
01/06/2008,Costa Llanos,3039851,1260149,4300000
01/12/2008,Costa Llanos,2896497,1903503,4800000
01/01/2009,Costa Llanos,2811989,1988011,4800000
01/02/2009,Costa Llanos,3038856,1761144,4800000
01/03/2009,Costa Llanos,3115453,1684547,4800000
01/04/2009,Costa Llanos,2872170,1927830,4800000
01/05/2009,Costa Llanos,3099367,1700633,4800000
07/12/2009,Costa Llanos,3380404,1619596,5000000
14/12/2009,Costa Llanos,3497687,1502313,5000000
21/12/2009,Costa Llanos,3487351,1512649,5000000
28/12/2009,Costa Llanos,3550397,1449603,5000000
04/01/2010,Costa Llanos,3392411,1607589,5000000
11/01/2010,Costa Llanos,3302150,1697850,5000000
18/01/2010,Costa Llanos,3235231,1764769,5000000
25/01/2010,Costa Llanos,3175714,1824286,5000000
01/02/2010,Costa Llanos,3135768,1864232,5000000
08/02/2010,Costa Llanos,3305717,1694283,5000000
15/02/2010,Costa Llanos,3410491,1589509,5000000
22/02/2010,Costa Llanos,3585391,1414609,5000000
01/03/2010,Costa Llanos,3650271,1349729,5000000
08/03/2010,Costa Llanos,3508286,1491714,5000000
15/03/2010,Costa Llanos,3568723,1431277,5000000
22/03/2010,Costa Llanos,3590939,1409061,5000000
29/03/2010,Costa Llanos,3587508,1412492,5000000
05/04/2010,Costa Llanos,3565279,1434721,5000000
12/04/2010,Costa Llanos,3556242,1443757,5000000
19/04/2010,Costa Llanos,3707946,1292054,5000000
26/04/2010,Costa Llanos,3751611,1248389,5000000
03/05/2010,Costa Llanos,3694551,1305449,5000000
10/05/2010,Costa Llanos,3717013,1282986,5000000
17/05/2010,Costa Llanos,3799307,1200693,5000000
24/05/2010,Costa Llanos,3745751,1254249,5000000
01/06/2010,Costa Llanos,3589792,1410208,5000000
07/06/2010,Costa Llanos,3629041,1370959,5000000
14/06/2010,Costa Llanos,3631019,1368981,5000000
21/06/2010,Costa Llanos,3672215,1327785,5000000
28/06/2010,Costa Llanos,3654301,1345699,5000000
06/12/2010,Costa Llanos,5996559.92,,4650000
13/12/2010,Costa Llanos,6315282.22,,4650000
20/12/2010,Costa Llanos,6783249.72,,4650000
27/12/2010,Costa Llanos,6470091.29,,4650000
03/01/2011,Costa Llanos,6167072.31,,4650000
10/01/2011,Costa Llanos,6136284.36,,4650000
24/01/2011,Costa Llanos,6932449.93,,4650000
31/01/2011,Costa Llanos,7222802.4,,4650000
28/02/2011,Costa Llanos,8836090.02,,4650000
07/03/2011,Costa Llanos,8775260.43,,4650000
14/03/2011,Costa Llanos,8186457.14,,4650000
21/03/2011,Costa Llanos,8588707.3,,4650000
28/03/2011,Costa Llanos,8313012.45,,4650000
04/04/2011,Costa Llanos,8419739.51,,4650000
11/04/2011,Costa Llanos,8129729.9,,4650000
18/04/2011,Costa Llanos,7662498.99,,4650000
02/05/2011,Costa Llanos,6768242.09,,4650000
09/05/2011,Costa Llanos,5973755.33,,4650000
16/05/2011,Costa Llanos,6397171.83,,4650000
23/05/2011,Costa Llanos,6354704.26,,4650000
30/05/2011,Costa Llanos,6575782.59,,4650000
06/06/2011,Costa Llanos,6035894.34,,4650000
13/06/2011,Costa Llanos,6050119.3,,4650000
20/06/2011,Costa Llanos,6418693.89,,4650000
27/06/2011,Costa Llanos,6499746.92,,4650000
18/12/2011,Costa Llanos,3925463,1259537,5185000
26/12/2011,Costa Llanos,4061625,1123375,5185000
02/01/2012,Costa Llanos,4252423,932577,5185000
07/01/2012,Costa Llanos,2932994,2112006,5045000
09/01/2012,Costa Llanos,4159201,1025799,5185000
14/01/2012,Costa Llanos,3002133,2042867,5045000
16/01/2012,Costa Llanos,4171030,1013970,5185000
21/01/2012,Costa Llanos,3166425,1878575,5045000
23/01/2012,Costa Llanos,4087539,1097461,5185000
30/01/2012,Costa Llanos,3952492,1232508,5185000
06/02/2012,Costa Llanos,3852666,1332334,5185000
13/02/2012,Costa Llanos,3820802,1364198,5185000
20/02/2012,Costa Llanos,3696718,1488282,5185000
27/02/2012,Costa Llanos,3691120,1493880,5185000
05/03/2012,Costa Llanos,3726218,1458782,5185000
12/03/2012,Costa Llanos,3572212,1612788,5185000
19/03/2012,Costa Llanos,3617192,1567808,5185000
26/03/2012,Costa Llanos,3790642,1394358,5185000
02/04/2012,Costa Llanos,3738490,1446510,5185000
09/04/2012,Costa Llanos,3753139,1431861,5185000
16/04/2012,Costa Llanos,3699953,1485047,5185000
23/04/2012,Costa Llanos,3665383,1519617,5185000
30/04/2012,Costa Llanos,3549850,1635150,5185000
07/05/2012,Costa Llanos,3405186,1779814,5185000
14/05/2012,Costa Llanos,3234707,1950293,5185000
21/05/2012,Costa Llanos,3171888,2013112,5185000
28/05/2012,Costa Llanos,3043965,2141035,5185000
04/06/2012,Costa Llanos,2964736,2220264,5185000
11/06/2012,Costa Llanos,3182806,2002194,5185000
18/06/2012,Costa Llanos,3352152,1832848,5185000
25/06/2012,Costa Llanos,2941668,2243332,5185000
02/07/2012,Costa Llanos,2972899,2212101,5185000
09/07/2012,Costa Llanos,2949297,2235703,5185000
16/07/2012,Costa Llanos,2971715,2213285,5185000
23/07/2012,Costa Llanos,2949752,2235248,5185000
30/07/2012,Costa Llanos,2970670,2214330,5185000
06/08/2012,Costa Llanos,3117344,2067656,5185000
13/08/2012,Costa Llanos,3043022,2141978,5185000
20/08/2012,Costa Llanos,3190020,1994980,5185000
27/08/2012,Costa Llanos,3221541,1963459,5185000
03/09/2012,Costa Llanos,3192627,1992373,5185000
10/09/2012,Costa Llanos,3110253,2074747,5185000
17/09/2012,Costa Llanos,3103510,2081490,5185000
24/09/2012,Costa Llanos,2949861,2235139,5185000
01/10/2012,Costa Llanos,2950514,2234486,5185000
08/10/2012,Costa Llanos,2981995,2203005,5185000
15/10/2012,Costa Llanos,3177773,2007227,5185000
22/10/2012,Costa Llanos,3114950,2070050,5185000
29/10/2012,Costa Llanos,3025498,2159502,5185000
05/11/2012,Costa Llanos,2969197,2215803,5185000
12/11/2012,Costa Llanos,3057894,2127106,5185000
19/11/2012,Costa Llanos,3042654,,5185000
03/12/2012,Costa Llanos,2898142,2146858,5045000
10/12/2012,Costa Llanos,2957507,2087493,5045000
17/12/2012,Costa Llanos,3003072,2041928,5045000
24/12/2012,Costa Llanos,2973710,2071290,5045000
31/12/2012,Costa Llanos,2926347,2118653,5045000
07/01/2013,Costa Llanos,2932994,2112006,5045000
14/01/2013,Costa Llanos,3002133,2042867,5045000
21/01/2013,Costa Llanos,3166425,1878575,5045000
28/01/2013,Costa Llanos,3230329,1814671,5045000
04/02/2013,Costa Llanos,3223884,1821116,5045000
11/02/2013,Costa Llanos,3208263,1836737,5045000
18/02/2013,Costa Llanos,3229424,1815576,5045000
25/02/2013,Costa Llanos,3278407,1766593,5045000
04/03/2013,Costa Llanos,3436088,1608912,5045000
11/03/2013,Costa Llanos,3539522,1505478,5045000
18/03/2013,Costa Llanos,3567147,1477853,5045000
25/03/2013,Costa Llanos,3541358,1503642,5045000
01/04/2013,Costa Llanos,3544017,1500983,5045000
08/04/2013,Costa Llanos,3416581,1628419,5045000
15/04/2013,Costa Llanos,3398013,1646987,5045000
22/04/2013,Costa Llanos,3333611,1711389,5045000
29/04/2013,Costa Llanos,3389212,1655788,5045000
06/05/2013,Costa Llanos,3488215,1556785,5045000
13/05/2013,Costa Llanos,3501678,1543322,5045000
20/05/2013,Costa Llanos,3394276,1650724,5045000
27/05/2013,Costa Llanos,3343359,1701641,5045000
03/06/2013,Costa Llanos,3524190,1520810,5045000
10/06/2013,Costa Llanos,3750508,1294492,5045000
17/06/2013,Costa Llanos,3587028,1457972,5045000
24/06/2013,Costa Llanos,3556089,1488911,5045000
01/07/2013,Costa Llanos,3550820,1494180,5045000
08/07/2013,Costa Llanos,3602811,1442189,5045000
15/07/2013,Costa Llanos,3540449,1504551,5045000
22/07/2013,Costa Llanos,3576528,1468473,5045001
29/07/2013,Costa Llanos,3639541,1405459,5045000
05/08/2013,Costa Llanos,3639541,1405459,5045000
12/08/2013,Costa Llanos,3801519,1243481,5045000
19/08/2013,Costa Llanos,3671613,1373387,5045000
26/08/2013,Costa Llanos,3585075,1459925,5045000
02/09/2013,Costa Llanos,3545264,1499736,5045000
09/09/2013,Costa Llanos,3620384,1424616,5045000
16/09/2013,Costa Llanos,3571913,1473087,5045000
23/09/2013,Costa Llanos,3507469,1537531,5045000
30/09/2013,Costa Llanos,3581565,1463435,5045000
06/10/2013,Costa Llanos,3440507,1604493,5045000
28/10/2013,Costa Llanos,3229160,1815840,5045000
04/11/2013,Costa Llanos,3230153,1814847,5045000
11/11/2013,Costa Llanos,3289958,1755042,5045000
18/11/2013,Costa Llanos,3202361,1842639,5045000
25/11/2013,Costa Llanos,3290707,1754293,5045000
02/12/2013,Costa Llanos,3333698,1711302,5045000
09/12/2013,Costa Llanos,3496163,1548837,5045000
16/12/2013,Costa Llanos,3553483,1491517,5045000
30/12/2013,Costa Llanos,3574810,1470190,5045000
06/01/2014,Costa Llanos,3554324,1490676,5045000
13/01/2014,Costa Llanos,3626711,1418289,5045000
20/01/2014,Costa Llanos,2815148,1229852,5045000
27/01/2014,Costa Llanos,3764383,1280618,5045000
03/02/2014,Costa Llanos,3865354,1179646,5045000
10/02/2014,Costa Llanos,3954112,1090888,5045000
17/02/2014,Costa Llanos,3904482,1140518,5045000
24/02/2014,Costa Llanos,3910133,1134868,5045000
03/03/2014,Costa Llanos,4012273,1032727,5045000
10/03/2014,Costa Llanos,4137046,907954,5045000
17/03/2014,Costa Llanos,4136859,908141,5045000
24/03/2014,Costa Llanos,4034957,1010043,5045000
31/03/2014,Costa Llanos,3991949,1053051,5045000
07/04/2014,Costa Llanos,3843091,1201909,5045000
14/04/2014,Costa Llanos,3848543,1196457,5045000
21/04/2014,Costa Llanos,3909680,1135320,5045000
28/04/2014,Costa Llanos,4005427,1039573,5045000
05/05/2014,Costa Llanos,3934252,1110748,5045000
12/05/2014,Costa Llanos,3827554,1217446,5045000
19/05/2014,Costa Llanos,3731658,1313342,5045000
26/05/2014,Costa Llanos,3601133,1443867,5045000
02/06/2014,Costa Llanos,3599326,1445674,5045000
09/06/2014,Costa Llanos,3562067,1482933,5045000
16/06/2014,Costa Llanos,3708048,1336952,5045000
23/06/2014,Costa Llanos,3426510,1618490,5045000
30/06/2014,Costa Llanos,3174949,1870051,5045000
07/07/2014,Costa Llanos,2963091,2081909,5045000
14/07/2014,Costa Llanos,2813158,2231842,5045000
21/07/2014,Costa Llanos,2761989,2283011,5045000
28/07/2014,Costa Llanos,2606680,2438320,5045000
04/08/2014,Costa Llanos,2646681,2339319,5045000
11/08/2014,Costa Llanos,2644841,2400159,5045000
18/08/2014,Costa Llanos,2735892,2309108,5045000
25/08/2014,Costa Llanos,2883696,2161305,5045000
01/09/2014,Costa Llanos,2820953,2224047,5045000
11/09/2014,Costa Llanos,2899690,2145310,5045000
18/09/2014,Costa Llanos,2852588,2192412,5045000
25/09/2014,Costa Llanos,2924613,2120387,5045000
04/10/2014,Costa Llanos,2912470,2132530,5045000
11/10/2014,Costa Llanos,2899690,2145310,5045000
18/10/2014,Costa Llanos,2852588,2192412,5045000
25/10/2014,Costa Llanos,2924613,2120387,5045000
01/11/2014,Costa Llanos,2901887,2143113,5045000
08/11/2014,Costa Llanos,2860205,2184795,5045000
15/11/2014,Costa Llanos,2818496,2226504,5045000
22/11/2014,Costa Llanos,2869358,2175642,5045000
01/12/2014,Costa Llanos,3035272,2009728,5045000
08/12/2014,Costa Llanos,3135302,1909698,5045000
05/01/2015,Costa Llanos,3226163,1818837,5045000
12/01/2015,Costa Llanos,3177370,1867630,5045000
20/01/2015,Costa Llanos,3021545,2023455,5045000
26/01/2015,Costa Llanos,3107342,1937658,5045000
02/02/2015,Costa Llanos,3234768,1810232,5045000
09/02/2015,Costa Llanos,3289196,1755804,5045000
16/02/2015,Costa Llanos,3418909,1626091,5045000
23/02/2015,Costa Llanos,3558760,1486240,5045000
02/03/2015,Costa Llanos,3558218,1486782,5045000
09/03/2015,Costa Llanos,3500304,1544696,5045000
16/03/2015,Costa Llanos,3617910,1427090,5045000
23/03/2015,Costa Llanos,3573082,1471918,5045000
30/03/2015,Costa Llanos,3577748,1467253,5045000
06/04/2015,Costa Llanos,3664961,1380039,5045000
13/04/2015,Costa Llanos,3583884,1461116,5045000
20/04/2015,Costa Llanos,3493981,1551019,5045000
27/04/2015,Costa Llanos,3571264,1473736,5045000
04/05/2015,Costa Llanos,3486705,1558295,5045000
11/05/2015,Costa Llanos,3457174,1587826,5045000
18/05/2015,Costa Llanos,3491783,1553217,5045000
25/05/2015,Costa Llanos,3553786,1491214,5045000
01/06/2015,Costa Llanos,3630638,1414362,5045000
08/06/2015,Costa Llanos,3639138,1405862,5045000
16/06/2015,Costa Llanos,3566881,1478119,5045000
24/06/2015,Costa Llanos,3638844,1406156,5045000
30/06/2015,Costa Llanos,3835332,1209668,5045000
30/06/2015,Costa Llanos,3835332,1209668,5045000
06/07/2015,Costa Llanos,3851363,1193637,5045000
06/07/2015,Costa Llanos,3851363,1193637,5045000
13/07/2015,Costa Llanos,3906480,1138520,5045000
13/07/2015,Costa Llanos,3906480,1138520,5045000
20/07/2015,Costa Llanos,4026496,1018504,5045000
27/07/2015,Costa Llanos,4035176,1009824,5045000
03/08/2015,Costa Llanos,4114877,930123,5045000
10/08/2015,Costa Llanos,4228750,816250,5045000
17/08/2015,Costa Llanos,4503327,541673,5045000
24/08/2015,Costa Llanos,4477483,567517,5045000
31/08/2015,Costa Llanos,4339154,705846,5045000
07/09/2015,Costa Llanos,4357617,687383,5045000
14/09/2015,Costa Llanos,4115427,929573,5045000
21/09/2015,Costa Llanos,3988262,1056738,5045000
28/09/2015,Costa Llanos,4062804,982196,5045000
05/10/2015,Costa Llanos,3982896,1062104,5045000
12/10/2015,Costa Llanos,4049659,995341,5045000
19/10/2015,Costa Llanos,4079725,965275,5045000
26/10/2015,Costa Llanos,4035533,1009467,5045000
02/11/2015,Costa Llanos,3911748,1133252,5045000
09/11/2015,Costa Llanos,4012712,1032288,5045000
16/11/2015,Costa Llanos,4165068,879932,5045000
23/11/2015,Costa Llanos,4167253,877747,5045000
30/11/2015,Costa Llanos,4298867,746133,5045000
07/12/2015,Costa Llanos,4548849,496151,5045000
14/12/2015,Costa Llanos,4644497,400503,5045000
21/12/2015,Costa Llanos,4611348,433652,5045000
28/12/2015,Costa Llanos,4448917,596083,5045000
04/01/2016,Costa Llanos,4404209,640791,5045000
11/01/2016,Costa Llanos,4418300,626700,5045000
18/01/2016,Costa Llanos,4559037,485963,5045000
25/01/2016,Costa Llanos,4508836,536164,5045000
01/02/2016,Costa Llanos,4509704,535296,5045000
08/02/2016,Costa Llanos,4388062,656938,5045000
15/02/2016,Costa Llanos,4479123,565877,5045000
22/02/2016,Costa Llanos,4252240,792760,5045000
29/02/2016,Costa Llanos,4193020,851979,5045000
07/03/2016,Costa Llanos,4021532,1023468,5045000
14/03/2016,Costa Llanos,4035309,1009690,5045000
21/03/2016,Costa Llanos,3921152,1123848,5045000
25/03/2016,Costa Llanos,3889097,1155902,5045000
04/04/2016,Costa Llanos,4011207,1033793,5045000
11/04/2016,Costa Llanos,4075855,969145,5045000
18/04/2016,Costa Llanos,4096106,948894,5045000
25/04/2016,Costa Llanos,4138196,906804,5045000
01/05/2016,Costa Llanos,3993278,1051722,5045000
09/05/2016,Costa Llanos,3962197,1082808,5045000
16/05/2016,Costa Llanos,4100995,944005,5045000
23/05/2016,Costa Llanos,4258281,786719,5045000
30/05/2016,Costa Llanos,4333684,711316,5045000
07/06/2016,Costa Llanos,4276040,768960,5045000
13/06/2016,Costa Llanos,4189322,855678,5045000
20/06/2016,Costa Llanos,4171148,873852,5045000
27/06/2016,Costa Llanos,4174528,870472,5045000
04/07/2016,Costa Llanos,4205627,839373,5045000
08/07/2016,Costa Llanos,5097033,-52033,5045000
11/07/2016,Costa Llanos,4656475,388525,5045000
18/07/2016,Costa Llanos,4695480,349520,5045000
25/07/2016,Costa Llanos,4903216,141784,5045000
01/08/2016,Costa Llanos,4744444,300556,5045000
06/08/2016,Costa Llanos,4360277,684723,5045000
15/08/2016,Costa Llanos,4337810,707190,5045000
22/08/2016,Costa Llanos,4318380,726620,5045000
29/08/2016,Costa Llanos,4419640,625360,5045000
05/09/2016,Costa Llanos,4394936,650064,5045000
07/09/2016,Costa Llanos,4400406,644594,5045000
12/09/2016,Costa Llanos,4515424,529576,5045000
19/09/2016,Costa Llanos,4418394,626606,5045000
26/09/2016,Costa Llanos,4419794,625206,5045000
03/10/2016,Costa Llanos,4531974,513026,5045000
10/10/2016,Costa Llanos,4513924,531076,5045000
17/10/2016,Costa Llanos,4567888,477112,5045000
24/10/2016,Costa Llanos,4602110,442890,5045000
31/10/2016,Costa Llanos,4936438,108562,5045000
07/11/2016,Costa Llanos,4602110,442890,5045000
14/11/2016,Costa Llanos,4936438,108562,5045000
21/11/2016,Costa Llanos,4794891,-66584,5045000
28/11/2016,Costa Llanos,4988584,56416,5045000
05/12/2016,Costa Llanos,4794891,250109,5045000
12/12/2016,Costa Llanos,4713504,331496,5045000
19/12/2016,Costa Llanos,4617769,430231,5045000
26/12/2016,Costa Llanos,4642234,474714,5116948
01/01/2017,Costa Llanos,4819105,297843,5116948
09/01/2017,Costa Llanos,4725505,391443,5116948
16/01/2017,Costa Llanos,4690975,328127,5116948
23/01/2017,Costa Llanos,4788821,246881,5116948
30/01/2017,Costa Llanos,4870067,351649,5116948
06/02/2017,Costa Llanos,4765299,345660,5116948
13/02/2017,Costa Llanos,4771288,361013,5116948
20/02/2017,Costa Llanos,4755935,223417,5116948
27/02/2017,Costa Llanos,4893531,35679,5116948
06/03/2017,Costa Llanos,5081269,23236,5116948
13/03/2017,Costa Llanos,5093712,145960,5116948
20/03/2017,Costa Llanos,4970988,215141,5116948
27/03/2017,Costa Llanos,4901807,400586,5116948
03/04/2017,Costa Llanos,4716362,372462,5116948
10/04/2017,Costa Llanos,4744486,196706,5116948
17/04/2017,Costa Llanos,4920242,15400,5116948
24/04/2017,Costa Llanos,5132348,116215,5116948
01/05/2017,Costa Llanos,5233163,9918,5116948
08/05/2017,Costa Llanos,5107030,68530,5116948
15/05/2017,Costa Llanos,5185478,68530,5116949
22/05/2017,Costa Llanos,4955654,161294,5116949
29/05/2017,Costa Llanos,4953621,163327,5116949
05/06/2017,Costa Llanos,4867315,249633,5116949
12/06/2017,Costa Llanos,4743359,373589,5116949
19/06/2017,Costa Llanos,4759698,357250,5116950
26/06/2017,Costa Llanos,4958662,158287,5116951
03/07/2017,Costa Llanos,5029034,80765,5116952
10/07/2017,Costa Llanos,4563601,553347,5116953
17/07/2017,Costa Llanos,4589846,527102,5116954
24/07/2017,Costa Llanos,4634729,482219,5116955
31/07/2017,Costa Llanos,4672414,444535,5116956
07/08/2017,Costa Llanos,4665555,451393,5116957
12/08/2017,Costa Llanos,4550376,566572,5116957
14/08/2017,Costa Llanos,4445970,670978,5116957
18/08/2017,Costa Llanos,4461729,655219,5116957
21/08/2017,Costa Llanos,4553883,563065,5116957
28/08/2017,Costa Llanos,4617927,499021,5116957
03/09/2017,Costa Llanos,4854085,262863,5116957
12/09/2017,Costa Llanos,4550376,566572,5116957
18/09/2017,Costa Llanos,4461729,655219,5116957
25/09/2017,Costa Llanos,4484674,632275,5116957
01/10/2017,Costa Llanos,4464942,652007,5116957
09/10/2017,Costa Llanos,4458051,664290,5116957
16/10/2017,Costa Llanos,4360404,756544,5116957
23/10/2017,Costa Llanos,4518549,598399,5116957
30/10/2017,Costa Llanos,4583338,533610,5116948
06/11/2017,Costa Llanos,4579384,537564,5116948
13/11/2017,Costa Llanos,4590538,526411,5116948
11/12/2017,Costa Llanos,4935636,181313,5116948
18/12/2017,Costa Llanos,5007084,109864,5116948
25/12/2017,Costa Llanos,5163690,-46742,5116948
01/01/2018,Costa Llanos,5052175,64773,5116948
08/01/2018,Costa Llanos,5109279,7669,5116948
15/01/2018,Costa Llanos,5195741,-78793,5116948
22/01/2018,Costa Llanos,5126291,-9342,5116948
29/01/2018,Costa Llanos,4839872,277076,5116948
05/02/2018,Costa Llanos,4788497,328451,5116948
12/02/2018,Costa Llanos,4788497,328451,5116948
26/02/2018,Costa Llanos,5176148,-59148,5116948
05/03/2018,Costa Llanos,5340345,-223345,5117000
12/03/2018,Costa Llanos,5233304,-116304,5117000
19/03/2018,Costa Llanos,5175876,-58876,5117000
26/03/2018,Costa Llanos,5058076,58924,5117000
02/04/2018,Costa Llanos,5008917,108083,5117000
09/04/2018,Costa Llanos,5073589,43411,5117000
16/04/2018,Costa Llanos,5003234,133766,5117000
23/04/2018,Costa Llanos,5182770,-65770,5117000
30/04/2018,Costa Llanos,5304228,-187228,5117000
07/05/2018,Costa Llanos,5342753,-225753,5117000
14/05/2018,Costa Llanos,5350990,-233990,5117000
21/05/2018,Costa Llanos,5580037,-463037,5117000
28/05/2018,Costa Llanos,5922270,-805270,5117000
04/06/2018,Costa Llanos,5798814,-681814,5117000
11/06/2018,Costa Llanos,5896167,-779167,5117000
18/06/2018,Costa Llanos,5440354,-323354,5117000
25/06/2018,Costa Llanos,5516907,-399907,5117000
02/07/2018,Costa Llanos,5385945,-286945,5117000
09/07/2018,Costa Llanos,5548823,-431823,5117000
16/07/2018,Costa Llanos,5608134,-491134,5117000
23/07/2018,Costa Llanos,5627737,-510737,5117000
30/07/2018,Costa Llanos,5697416,-580416,5117000
06/08/2018,Costa Llanos,5605778,-488778,5117000
13/08/2018,Costa Llanos,5441058,-324058,5117000
23/08/2018,Costa Llanos,5440711,-323711,5117000
27/08/2018,Costa Llanos,5448025,-331025,5117000
03/09/2018,Costa Llanos,5562366,-445366,5117000
10/09/2018,Costa Llanos,5576138,-459138,5117000
17/09/2018,Costa Llanos,5300917,-183917,5117000
24/09/2018,Costa Llanos,5195405,-78405,5117000
01/10/2018,Costa Llanos,5070434,46566,5117000
08/10/2018,Costa Llanos,5157581,-40581,5117000
15/10/2018,Costa Llanos,5295975,-178975,5117000
22/10/2018,Costa Llanos,5394729,-277729,5117000
29/10/2018,Costa Llanos,5481630,-364630,5117000
05/11/2018,Costa Llanos,5465164,-348164,5117000
12/11/2018,Costa Llanos,5358453,-241453,5117000
17/11/2018,Costa Llanos,5314673,-197673,5117000
26/11/2018,Costa Llanos,5520550,-403550,5117000
03/12/2018,Costa Llanos,5552424,-455424,5117000
10/12/2018,Costa Llanos,5579386,-462386,5117000
17/12/2018,Costa Llanos,5396239,-279236,5117000
24/12/2018,Costa Llanos,5254182,-137182,5117000
31/12/2018,Costa Llanos,5126259,-9259,5117000
08/01/2019,Costa Llanos,5055320,61680,5117000
14/01/2019,Costa Llanos,5078610,38390,5117000
21/01/2019,Costa Llanos,5081548,35452,5117000
28/01/2019,Costa Llanos,5146144,-29144,5117000
04/02/2019,Costa Llanos,4993100,123900,5117000
10/02/2019,Costa Llanos,4993100,272938,5117000
17/02/2019,Costa Llanos,4844062,210707,5117000
24/02/2019,Costa Llanos,4906293,231453,5117000
03/03/2019,Costa Llanos,4885547,152447,5117000
10/03/2019,Costa Llanos,4964553,0,5117000
17/03/2019,Costa Llanos,5196380,0,5117000
24/03/2019,Costa Llanos,5195076,0,5117000
31/03/2019,Costa Llanos,5382739,0,5117000
07/04/2019,Costa Llanos,5370383,0,5117000
14/04/2019,Costa Llanos,5346206,0,5117000
21/04/2019,Costa Llanos,5354830,0,5117000
28/04/2019,Costa Llanos,5387037,0,5117000
05/05/2019,Costa Llanos,5397025,0,5117000
12/05/2019,Costa Llanos,5124614,0,5117000
19/05/2019,Costa Llanos,4804966,312034,5117000
26/05/2019,Costa Llanos,4978434,138566,5117000
02/06/2019,Costa Llanos,5114255,2745,5117000
09/06/2019,Costa Llanos,5010202,106798,5117000
16/06/2019,Costa Llanos,4761161,355839,5117000
23/06/2019,Costa Llanos,4602599,514401,5117000
07/07/2019,Costa Llanos,4492744,624256,5117000
14/07/2019,Costa Llanos,4409151,707849,5117000
21/07/2019,Costa Llanos,4374423,742577,5117000
28/07/2019,Costa Llanos,4471110,645890,5117000
04/08/2019,Costa Llanos,4496349,620651,5117000
11/08/2019,Costa Llanos,4414229,702771,5117000
18/08/2019,Costa Llanos,4480596,636404,5117000
25/08/2019,Costa Llanos,4431348,685652,5117000
01/09/2019,Costa Llanos,4429386,687614,5117000
08/09/2019,Costa Llanos,4421676,695324,5117000
15/09/2019,Costa Llanos,4481742,635258,5117000
22/09/2019,Costa Llanos,4447515,669485,5117000
29/09/2019,Costa Llanos,4503927,613073,5117000
06/10/2019,Costa Llanos,4616484,500516,5117000
13/10/2019,Costa Llanos,4672289,444711,5117000
20/10/2019,Costa Llanos,4877166,239834,5117000
27/10/2019,Costa Llanos,4881309,235691,5117000
03/11/2019,Costa Llanos,4835831,281169,5117000
10/11/2019,Costa Llanos,4696286,420714,5117000
17/11/2019,Costa Llanos,4830460,286540,5117000
24/11/2019,Costa Llanos,4777333,339667,5117000
01/12/2019,Costa Llanos,4942751,174249,5117000
08/12/2019,Costa Llanos,4910441,206559,5117000
15/12/2019,Costa Llanos,4972502,144498,5117000
22/12/2019,Costa Llanos,4955086,161914,5117000
29/12/2019,Costa Llanos,5011638,105362,5117000
03/01/2020,Costa Llanos,5004076,95924,5100000
10/01/2020,Costa Llanos,5055115,44885,5100000
17/01/2020,Costa Llanos,5145261,0,5100000
24/01/2020,Costa Llanos,5144807,0,5100000
31/01/2020,Costa Llanos,5183045,0,5100000
07/02/2020,Costa Llanos,5035902,64098,5100000
14/02/2020,Costa Llanos,5118065,0,5100000
21/02/2020,Costa Llanos,5126406,0,5100000
28/02/2020,Costa Llanos,4909352,190648,5100000
06/03/2020,Costa Llanos,4868576,231424,5100000
13/03/2020,Costa Llanos,5112863,0,5100000
20/03/2020,Costa Llanos,5064724,35276,5100000
27/03/2020,Costa Llanos,4708540,391460,5100000
03/04/2020,Costa Llanos,4498928,601072,5100000
10/04/2020,Costa Llanos,4680968,419032,5100000
17/04/2020,Costa Llanos,4527623,572377,5100000
24/04/2020,Costa Llanos,4868566,231434,5100000
01/05/2020,Costa Llanos,5047423,52577,5100000
08/05/2020,Costa Llanos,4792837,307163,5100000
15/05/2020,Costa Llanos,4964881,135119,5100000
22/05/2020,Costa Llanos,4919803,180197,5100000
29/05/2020,Costa Llanos,4781580,318420,5100000
05/06/2020,Costa Llanos,4877653,222347,5100000
12/06/2020,Costa Llanos,4849673,250327,5100000
19/06/2020,Costa Llanos,5015535,84465,5100000
26/06/2020,Costa Llanos,5050940,49060,5100000
29/06/2020,Costa Llanos,5015535,84465,5100000
03/07/2020,Costa Llanos,5054859,45141,5100000
10/07/2020,Costa Llanos,5127632,0,5100000
17/07/2020,Costa Llanos,5013524,86476,5100000
24/07/2020,Costa Llanos,4982421,117579,5100000
31/07/2020,Costa Llanos,5027636,72364,5100000
07/08/2020,Costa Llanos,5284476,0,5100000
14/08/2020,Costa Llanos,5174620,0,5100000
21/08/2020,Costa Llanos,5266679,0,5100000
28/08/2020,Costa Llanos,5491439,0,5100000
04/09/2020,Costa Llanos,5234533,0,5100000
11/09/2020,Costa Llanos,5213570,0,5100000
18/09/2020,Costa Llanos,5293421,0,5100000
25/09/2020,Costa Llanos,5379879,0,5100000
02/10/2020,Costa Llanos,5484729,0,5100000
09/10/2020,Costa Llanos,5569950,0,5100000
16/10/2020,Costa Llanos,5852970,0,5100000
23/10/2020,Costa Llanos,5997851,0,5100000
30/10/2020,Costa Llanos,5945445,0,5100000
06/11/2020,Costa Llanos,5849192,0,5100000
13/11/2020,Costa Llanos,5594396,0,5100000
20/11/2020,Costa Llanos,5598040,0,5100000
27/11/2020,Costa Llanos,5730505,0,5100000
04/12/2020,Costa Llanos,5493686,0,5100000
11/12/2020,Costa Llanos,5641423,0,5200000
18/12/2020,Costa Llanos,5737433,0,5200000
25/12/2020,Costa Llanos,5736784,0,5200000
01/01/2021,Costa Llanos,5928333,0,5200000
08/01/2021,Costa Llanos,6047519,0,5200000
15/01/2021,Costa Llanos,6210061,0,5200000
22/01/2021,Costa Llanos,6258312,0,5200000
29/01/2021,Costa Llanos,6407686,0,5200000
05/02/2021,Costa Llanos,6393033,0,5200000
12/02/2021,Costa Llanos,6728973,0,5200000
19/02/2021,Costa Llanos,6883831,0,5200000
26/02/2021,Costa Llanos,7119639,0,5200000
05/03/2021,Costa Llanos,7043166,0,5200000
12/03/2021,Costa Llanos,6820547,0,5200000
19/03/2021,Costa Llanos,6773695,0,5200000
26/03/2021,Costa Llanos,6515086,0,5200000
02/04/2021,Costa Llanos,6529603,0,5200000
09/04/2021,Costa Llanos,6441643,0,5200000
16/04/2021,Costa Llanos,6679209,0,5200000
23/04/2021,Costa Llanos,6770811,0,5200000
30/04/2021,Costa Llanos,7150769,0,5200000
07/05/2021,Costa Llanos,7364684,0,5200000
14/05/2021,Costa Llanos,7100849,0,5200000
21/05/2021,Costa Llanos,6728991,0,5200000
28/05/2021,Costa Llanos,6805868,0,5200000
04/06/2021,Costa Llanos,6856644,0,5200000
11/06/2021,Costa Llanos,6825777,0,5200000
18/06/2021,Costa Llanos,6891725,0,5200000
25/06/2021,Costa Llanos,7097851,0,5200000
02/07/2021,Costa Llanos,7073946,0,5200000
07/07/2021,Costa Llanos,7276957,0,5200000
16/07/2021,Costa Llanos,7545903,0,5200000
23/07/2021,Costa Llanos,7552478,0,5200000
30/07/2021,Costa Llanos,7756204,0,5200000
06/08/2021,Costa Llanos,7806233,0,5200000
13/08/2021,Costa Llanos,8094684,0,5200000
20/08/2021,Costa Llanos,8055667,0,5200000
27/08/2021,Costa Llanos,8150213,0,5200000
03/09/2021,Costa Llanos,7927781,0,5200000
10/09/2021,Costa Llanos,7983211,0,5200000
17/09/2021,Costa Llanos,7948539,0,5200000
24/09/2021,Costa Llanos,7837567,0,5200000
01/10/2021,Costa Llanos,8759242,0,5200000
08/10/2021,Costa Llanos,9265394,0,5200000
15/10/2021,Costa Llanos,8828380,0,5200000
22/10/2021,Costa Llanos,8984172,0,5200000
29/10/2021,Costa Llanos,9249075,0,5200000
05/11/2021,Costa Llanos,9904110,0,5200000
12/11/2021,Costa Llanos,10099465,0,5200000
19/11/2021,Costa Llanos,10207144,0,5200000
26/11/2021,Costa Llanos,9765929,0,5200000
03/12/2021,Costa Llanos,9476665,0,5200000
12/12/2021,Costa Llanos,9154520,0,5200000
17/12/2021,Costa Llanos,9493235,0,5200000
24/12/2021,Costa Llanos,9912699,0,5200000
31/12/2021,Costa Llanos,10270827,0,5900000
07/01/2022,Costa Llanos,10309183,0,5900000
14/01/2022,Costa Llanos,10775697,0,5900000
21/01/2022,Costa Llanos,10775697,0,5900000
28/01/2022,Costa Llanos,10645031,0,5200000
04/02/2022,Costa Llanos,11057853,0,5200000
11/02/2022,Costa Llanos,10973300,0,5200000
18/02/2022,Costa Llanos,10656711,0,5200000
25/02/2022,Costa Llanos,10570038,0,5200000
04/03/2022,Costa Llanos,10493103,0,5200000
11/03/2022,Costa Llanos,10060686,0,5200000
18/03/2022,Costa Llanos,10209565,0,5200000
25/03/2022,Costa Llanos,10963915,0,5200000
01/04/2022,Costa Llanos,11397355,0,5200000
08/04/2022,Costa Llanos,11174459,0,5200000
15/04/2022,Costa Llanos,11552667,0,5200000
22/04/2022,Costa Llanos,11616895,0,5200000
29/04/2022,Costa Llanos,12743989,0,5200000
06/05/2022,Costa Llanos,13621893,0,5200000
13/05/2022,Costa Llanos,12966499,0,5200000
20/05/2022,Costa Llanos,13144617,0,5200000
27/05/2022,Costa Llanos,12388709,0,5200000
03/06/2022,Costa Llanos,11617743,0,5200000
10/06/2022,Costa Llanos,11830032,0,5200000
17/06/2022,Costa Llanos,12524034,0,5200000
24/06/2022,Costa Llanos,11636035,0,5200000
01/07/2022,Costa Llanos,9317983,0,5200000
08/07/2022,Costa Llanos,9351137,0,5200000
15/07/2022,Costa Llanos,9650975,0,5200000
22/07/2022,Costa Llanos,8805018,0,5200000
29/07/2022,Costa Llanos,9316355,0,5200000
05/08/2022,Costa Llanos,8979444,0,5200000
10/08/2022,Costa Llanos,9590453,0,5200000
17/08/2022,Costa Llanos,10559289,0,5200000
24/08/2022,Costa Llanos,11000811,0,5200000
31/08/2022,Costa Llanos,10982041,0,5200000
07/09/2022,Costa Llanos,10036833,0,5200000
14/09/2022,Costa Llanos,9994568,0,5200000
21/09/2022,Costa Llanos,9445019,0,5200000
28/09/2022,Costa Llanos,8888894,0,5200000
05/10/2022,Costa Llanos,8228998,0,5200000
12/10/2022,Costa Llanos,8634114,0,5200000
19/10/2022,Costa Llanos,8188125,0,5200000
26/10/2022,Costa Llanos,8489127,0,5200000
02/11/2022,Costa Llanos,8665639,0,5200000
09/11/2022,Costa Llanos,9560067,0,5200000
16/11/2022,Costa Llanos,9360858,0,5200000
23/11/2022,Costa Llanos,9094189,0,5200000
30/11/2022,Costa Llanos,9123921,0,5200000
07/12/2022,Costa Llanos,8775221,0,5200000
14/12/2022,Costa Llanos,8775222,0,5200000
21/12/2022,Costa Llanos,9284195,0,8100000
28/12/2022,Costa Llanos,8749736,0,8100000
04/01/2023,Costa Llanos,8587168,0,8100000
11/01/2023,Costa Llanos,8931043,0,8100000
18/01/2023,Costa Llanos,8771031,0,8100000
25/01/2023,Costa Llanos,8685047,0,8100000
01/02/2023,Costa Llanos,8773761,0,8100000
08/02/2023,Costa Llanos,8988733,0,8100000
15/02/2023,Costa Llanos,8705006,0,8100000
22/02/2023,Costa Llanos,8976352,0,8100000
01/03/2023,Costa Llanos,9091256,0,8100000
08/03/2023,Costa Llanos,8642644,0,8100000
15/03/2023,Costa Llanos,8259916,0,8100000
22/03/2023,Costa Llanos,8291056,0,8100000
29/03/2023,Costa Llanos,8499723,0,8100000
05/04/2023,Costa Llanos,8198758,0,8100000
12/04/2023,Costa Llanos,8210082,0,8100000
19/04/2023,Costa Llanos,8208571,0,8100000
26/04/2023,Costa Llanos,7750712,0,8100000
03/05/2023,Costa Llanos,8185260,0,8100000
10/05/2023,Costa Llanos,8083780,3244,8100000
17/05/2023,Costa Llanos,8685585,0,8100000
24/05/2023,Costa Llanos,8110457,0,8100000
31/05/2023,Costa Llanos,8113680,0,8100000
07/06/2023,Costa Llanos,7955684,28863,8100000
14/06/2023,Costa Llanos,7548495,110301,8100000
21/06/2023,Costa Llanos,7254710,169058,8100000
28/06/2023,Costa Llanos,7081966,203607,8100000
05/07/2023,Costa Llanos,7389097,142181,8100000
12/07/2023,Costa Llanos,7548696,0,8100000
19/07/2023,Costa Llanos,7369070,0,8100000
26/07/2023,Costa Llanos,7712981,0,8100000
02/08/2023,Costa Llanos,7473359,0,8100000
09/08/2023,Costa Llanos,7670374,0,8100000
16/08/2023,Costa Llanos,7650401,0,8100000
23/08/2023,Costa Llanos,7795122,0,8100000
30/08/2023,Costa Llanos,7962879,0,8100000
06/09/2023,Costa Llanos,7843592,0,8100000
13/09/2023,Costa Llanos,7649914,0,8100000
20/09/2023,Costa Llanos,7473035,0,8100000
27/09/2023,Costa Llanos,7920441,0,8100000
04/10/2023,Costa Llanos,8031617,0,8100000
11/10/2023,Costa Llanos,7934996,0,8100000
18/10/2023,Costa Llanos,7841076,0,8100000
22/10/2023,Costa Llanos,7123211,0,8100000
25/10/2023,Costa Llanos,7786048,0,8100000
01/11/2023,Costa Llanos,7205497,0,8100000
08/11/2023,Costa Llanos,6612454,0,8100000
15/11/2023,Costa Llanos,6851534,0,8100000
22/11/2023,Costa Llanos,7123211,0,8100000
29/11/2023,Costa Llanos,6944466,0,8100000
06/12/2023,Costa Llanos,7073481,0,8100000
13/12/2023,Costa Llanos,7142455,0,8100000
20/12/2023,Costa Llanos,6848506,0,8100000
27/12/2023,Costa Llanos,6873234,0,8100000
03/01/2024,Costa Llanos,6950338,0,8100000
10/01/2024,Costa Llanos,6954158,0,8100000
17/01/2024,Costa Llanos,7098094,0,8100000
24/01/2024,Costa Llanos,7407821,0,8100000
31/01/2024,Costa Llanos,7370746,0,8100000
07/02/2024,Costa Llanos,7705230,0,8100000
14/02/2024,Costa Llanos,8097119,0,8100000
21/02/2024,Costa Llanos,7988170,0,8100000
28/02/2024,Costa Llanos,8770107,0,8100000
06/03/2024,Costa Llanos,8287314,0,8100000
13/03/2024,Costa Llanos,8287314,0,8100000
20/03/2024,Costa Llanos,7914140,0,8100000
27/03/2024,Costa Llanos,7736252,0,8100000
03/04/2024,Costa Llanos,7542988,0,8100000
10/04/2024,Costa Llanos,7078049,0,8100000
17/04/2024,Costa Llanos,6907365,0,8100000
24/04/2024,Costa Llanos,6853768,0,8100000
01/05/2024,Costa Llanos,6576715,0,8100000
08/05/2024,Costa Llanos,6856753,0,8100000
15/05/2024,Costa Llanos,6420233,0,8100000
22/05/2024,Costa Llanos,6676189,0,8100000
29/05/2024,Costa Llanos,6889058,0,8100000
05/06/2024,Costa Llanos,6416143,0,8100000
12/06/2024,Costa Llanos,6264370,0,8100000
19/06/2024,Costa Llanos,6406953,0,8100000
23/06/2024,Costa Llanos,6799347,0,8100000
03/07/2024,Costa Llanos,6588424,0,8100000
10/07/2024,Costa Llanos,6448977,0,8100000
17/07/2024,Costa Llanos,6319878,0,8100000
24/07/2024,Costa Llanos,6069768,0,8100000
31/07/2024,Costa Llanos,6219255,0,8100000
07/08/2024,Costa Llanos,6176177,0,8100000
14/08/2024,Costa Llanos,5970194,0,8100000
21/08/2024,Costa Llanos,6221379,0,8100000
28/08/2024,Costa Llanos,6113987,0,8100000
04/09/2024,Costa Llanos,6442077,0,8100000
11/09/2024,Costa Llanos,6576792,0,8100000
18/09/2024,Costa Llanos,6660913,0,8100000
25/09/2024,Costa Llanos,6680076,0,8100000
02/10/2024,Costa Llanos,6835517,0,8100000
09/10/2024,Costa Llanos,6743282,0,8100000
16/10/2024,Costa Llanos,6668635,0,8100000
23/10/2024,Costa Llanos,6813523,0,8100000
30/10/2024,Costa Llanos,6732141,0,8100000
06/11/2024,Costa Llanos,6793683,0,8100000
13/11/2024,Costa Llanos,6704412,0,8100000
20/11/2024,Costa Llanos,6642807,0,8100000
27/11/2024,Costa Llanos,6931434,0,8100000
04/12/2024,Costa Llanos,6979797,0,8100000
11/12/2024,Costa Llanos,6769674,0,8100000
18/12/2024,Costa Llanos,6521855,0,8100000
26/12/2024,Costa Llanos,6640026,0,8100000
02/01/2025,Costa Llanos,6665287,0,8100000
08/01/2025,Costa Llanos,6531697,0,8100000
15/01/2025,Costa Llanos,6424805,0,8100000
22/01/2025,Costa Llanos,6375189,0,8100000
29/01/2025,Costa Llanos,6200185,0,8000000
05/02/2025,Costa Llanos,6047213,0,8000000
12/02/2025,Costa Llanos,6178543,482510,8000000
19/02/2025,Costa Llanos,6003959,482510,8000000
25/02/2025,Costa Llanos,6083411,482510,8000000
05/03/2025,Costa Llanos,5817056,482510,8000000
